cell.barcode,orig.ident,percent.mito,res.0.6,nCount_RNA,nFeature_RNA,UMAP_1,UMAP_2
AAACCTGCACCCATGG.1,SeuratProject,0.016549104720564298,3,3686,1548,-7.487490864747004,-1.7338770896898823
AAACCTGCACGGACAA.1,SeuratProject,0.025643506870524482,2,10334,2538,4.517256846574348,-7.4006982849771585
AAAGATGCAACTTGAC.1,SeuratProject,0.04434423149192033,0,5322,1569,9.704589870125329,-5.432817178401517
AAAGCAATCACTCCTG.1,SeuratProject,0.042924211938296444,0,1491,639,10.201996931789013,-5.163417338775671
AACGTTGAGGTAGCCA.1,SeuratProject,0.008221828147670482,0,6203,1589,8.896075294967279,-5.195195692104657
AACGTTGCAACTTGAC.1,SeuratProject,0.025612626332548804,4,7223,2212,5.5899268247826095,-4.133673931958676
AACTCAGCAGCCAGAA.1,SeuratProject,0.025870772337203432,2,7924,2189,3.3154442529954165,-6.5515659604071725
AACTCAGTCCTATGTT.1,SeuratProject,0.008565310492505354,3,1868,815,-8.25288819186583,-2.331380525674682
AACTCAGTCGTCCGTT.1,SeuratProject,0.046157148990983256,9,4658,1491,0.8591225975900947,-2.1523671368184596
AACTCTTAGATGTTAG.1,SeuratProject,0.019644527595884004,0,2138,677,9.765129613670263,-6.659019412981363
AACTCTTCAAGTTGTC.1,SeuratProject,0.018440523619806488,6,8785,2117,6.7206166229072855,1.3509073127381932
AACTCTTGTAGCTTGT.1,SeuratProject,0.023027239539455208,1,3561,1416,-5.260664093817021,-1.2293270828947749
AACTGGTCAGTCTTCC.1,SeuratProject,0.009314903846153846,0,13312,2842,9.784202909098902,-5.796726939547318
AACTGGTGTATTCGTG.1,SeuratProject,0.026055014522467113,5,11706,2633,0.8043817526123189,-4.8580402666911
AACTGGTGTTGGTAAA.1,SeuratProject,0.037553162609718575,0,11051,2628,8.52757247724564,-7.997653690262106
AACTTTCAGTCCAGGA.1,SeuratProject,0.03233256351039261,0,12124,2772,8.412535706828042,-5.836933588210394
AAGCCGCTCGGCTACG.1,SeuratProject,0.08089690041767421,0,4549,1547,9.00842431293115,-7.235439645789202
AAGGCAGTCGTCTGCT.1,SeuratProject,0.06317093311312964,2,2422,1039,5.189159517424705,-6.861946839391909
AAGTCTGAGATACACA.1,SeuratProject,0.04250238777459408,2,4188,1504,4.864302489538664,-6.674568684708593
AAGTCTGAGCAGCGTA.1,SeuratProject,0.011821366024518389,7,4568,1605,-1.264169796300359,1.1458598369868842
AAGTCTGCAGTACACT.1,SeuratProject,0.012178245225574315,0,3613,1134,7.003888714724419,-6.461934035966141
AAGTCTGGTAGTAGTA.1,SeuratProject,0.02215980024968789,1,3204,1295,-6.973227825960582,-2.0484143570358078
AAGTCTGGTGCAGGTA.1,SeuratProject,0.029472113411676926,0,10722,2635,7.671122372598858,-5.134637164532166
AATCCAGCACGTGAGA.1,SeuratProject,0.05129639992538706,0,5361,1613,9.931612278996402,-7.0154335651737
AATCGGTGTGTAATGA.1,SeuratProject,0.033443708609271525,4,3020,564,4.578847766855955,-2.4806743481765925
ACACCCTAGAACAACT.1,SeuratProject,0.020448430493273544,1,5575,2072,-5.195297210851954,-1.476575232721592
ACACCCTCAATTGCTG.1,SeuratProject,0.06902689873417721,9,5056,1651,0.9858529082930708,-1.8546606944046604
ACACCGGCAATCGAAA.1,SeuratProject,0.0058167716917111,4,2063,588,3.9207757097306257,-2.8038785262036727
ACACTGAAGCACAGGT.1,SeuratProject,0.027141845645503895,3,4237,1466,-6.922142626475901,-1.7902597351136522
ACACTGACAGGAATCG.1,SeuratProject,0.02993380586960342,0,17071,3568,7.4440040234703835,-3.0467933027000123
ACAGCTAAGAATTGTG.1,SeuratProject,0.04617026954897251,2,3747,1432,5.590095720514077,-7.624243112955469
ACAGCTATCAGGTTCA.1,SeuratProject,0.021055121835817366,0,4227,1593,7.549159345449631,-5.694350656401585
ACAGCTATCCGGGTGT.1,SeuratProject,0.02132435465768799,7,4455,1609,-1.1252330755513504,1.6047075697759654
ACATACGTCGTTGACA.1,SeuratProject,0.041654486992107574,6,6842,1989,6.2433999345191316,1.6766970992858596
ACATCAGCACCCATGG.1,SeuratProject,0.026825633383010434,5,3355,1063,1.3275772380560433,-2.1924413045740327
ACATCAGGTCAATGTC.1,SeuratProject,0.024155405405405405,2,5920,2047,3.42988732022133,-5.5651006882371
ACATGGTAGCCGTCGT.1,SeuratProject,0.03540772532188841,2,1864,921,3.651899277346185,-6.708567061177514
ACATGGTAGGGCATGT.1,SeuratProject,0.02884867558353003,1,3813,1530,-3.5118651856609824,-0.4903775303459244
ACATGGTGTGATGATA.1,SeuratProject,0.026589188237365734,4,5679,1490,5.8560165257028,-2.380373586423542
ACCAGTAGTCTTGCGG.1,SeuratProject,0.015100671140939598,7,5364,1880,-1.440984268345029,2.204643189964436
ACCCACTTCTGGCGTG.1,SeuratProject,0.1288817806210849,1,7503,2426,-2.4707627456744334,-2.8303749615652625
ACCGTAACATTCCTCG.1,SeuratProject,0.019242333132892364,8,3326,1275,6.042867759778038,-2.775019753463861
ACCTTTAAGGTGCAAC.1,SeuratProject,0.020860326509458408,6,7718,2330,6.578733534899159,1.3309186415759857
ACCTTTAGTATGAATG.1,SeuratProject,0.028246641405442644,0,8709,2440,7.211928416600093,-5.245039984754861
ACGAGCCCATGCGCAC.1,SeuratProject,0.05188679245283019,1,2332,1068,-3.305892289193788,-1.1100610780033504
ACGATACCATGTAAGA.1,SeuratProject,0.011438739196746314,6,7868,2301,7.424911096609751,0.750243662089783
ACGATACTCCACGCAG.1,SeuratProject,0.02524826377620562,5,15407,3191,1.3024911843854174,-5.271627854415513
ACGCAGCGTTCACGGC.1,SeuratProject,0.02276707530647986,3,1713,893,-7.707043589933061,-2.7597917294369108
ACGCCGAGTTGTCTTT.1,SeuratProject,0.00871559633027523,3,2180,1023,-8.131723027496417,-2.415387889804857
ACGGAGATCAAAGTAG.1,SeuratProject,0.021492638348282283,3,5909,2255,-8.077620410992825,-1.1441651613559594
ACGGCCACATAAAGGT.1,SeuratProject,0.025500910746812388,2,5490,1849,6.6711221200776425,-7.483425283466504
ACGGGCTCAGTACACT.1,SeuratProject,0.038199042477335236,0,9817,2756,9.87616122496147,-4.714335992648954
ACGGGTCCACGGCCAT.1,SeuratProject,0.039285714285714285,4,5880,1979,4.7886844860743585,-4.18079673674211
ACGTCAAAGATCCGAG.1,SeuratProject,0.021890435563538393,0,8908,2087,8.401479142292969,-6.247568019803071
ACGTCAAAGCCTATGT.1,SeuratProject,0.04456633527596846,4,2917,880,6.005885307173275,-2.4281402192937813
ACGTCAAGTAAGTTCC.1,SeuratProject,0.021613470721286755,2,3979,1590,3.179702491595373,-5.513332265286936
ACGTCAATCATGGTCA.1,SeuratProject,0.01488522238163558,7,5576,1925,-1.4496232508638967,2.200076520644068
ACTATCTCACGTTGGC.1,SeuratProject,0.01510353227771011,1,4105,1559,-3.9378305213165645,-0.7139651673209123
ACTGAACAGAACAACT.1,SeuratProject,0.020985326666120175,2,12199,3045,4.734737977332358,-7.037486930047717
ACTGAACAGCTACCGC.1,SeuratProject,0.011670677989192135,4,22021,4594,7.118778783706315,-3.236790425708559
ACTGAACCACATCTTT.1,SeuratProject,0.00902061855670103,4,1552,249,4.685762164203957,-2.4940435685263678
ACTGAACTCTGTCCGT.1,SeuratProject,0.056632459141011025,4,2631,1135,4.516903275140276,-4.826242961401288
ACTGCTCAGGACGAAA.1,SeuratProject,0.03149821966584498,4,3651,1633,6.906836960947902,-2.735974595167469
ACTTACTAGAGCTGGT.1,SeuratProject,0.04253365973072215,5,9804,2237,0.5409763110373684,-3.970920722491074
ACTTACTGTAAGAGGA.1,SeuratProject,0.018849752339020365,6,7268,2251,7.475344014497101,1.3233568728034701
ACTTACTTCTGGAGCC.1,SeuratProject,0.025670064175160438,7,2649,1195,-1.9225196309409585,1.8493898106076607
ACTTGTTTCGAATGCT.1,SeuratProject,9.539384028345599e-4,0,7338,1827,9.931996293285206,-5.7809807576228245
AGAATAGAGTGGAGTC.1,SeuratProject,0.012948575656677765,6,8109,2348,6.867253076431597,1.6777043905499407
AGACGTTAGACCGGAT.1,SeuratProject,0.031937734836285564,1,7452,2345,-3.201365563831443,-1.0365916233398353
AGAGCTTAGCAGACTG.1,SeuratProject,0.017539267015706805,1,3820,1547,-3.299151589546362,0.21786634224872067
AGAGCTTAGGAACTGC.1,SeuratProject,0.01955392606171708,3,3273,1420,-7.584393327941896,-2.2700108472273137
AGAGTGGCAAGACGTG.1,SeuratProject,0.0448292220113852,2,4216,1423,4.268125435911814,-7.168606351667281
AGAGTGGCACCTATCC.1,SeuratProject,0.0319323784926039,1,4259,1644,-2.820117162012366,0.09362052494103487
AGAGTGGTCAACTCTT.1,SeuratProject,0.05626223091976516,2,2044,978,5.2177861943129775,-7.678209891795411
AGCAGCCTCAGTTTGG.1,SeuratProject,0.02030456852791878,0,3349,1122,9.0871837365086,-6.658306529817735
AGCGTATAGCCACTAT.1,SeuratProject,0.04048414023372287,4,2396,726,5.514574381506385,-1.9672963513896435
AGCGTATGTCTTGTCC.1,SeuratProject,0.023261758691206544,1,3912,1435,-4.179267392203524,-0.6018909531219139
AGCGTATTCGCGCCAA.1,SeuratProject,0.017086193745232646,6,6555,2014,7.267133498097997,2.097379287513865
AGCGTCGCACGAAATA.1,SeuratProject,0.03176016622143069,0,10107,2669,8.136647434528893,-4.91643898782761
AGCGTCGTCCTCATTA.1,SeuratProject,0.02349290780141844,7,2256,1027,-2.0973825424069696,2.2515029534355673
AGCTCTCGTCTTTCAT.1,SeuratProject,0.01762114537444934,0,7945,1661,10.316966587508746,-5.809483067105062
AGCTTGAGTCCGAACC.1,SeuratProject,0.018299711815561958,3,6940,2094,-7.469952286950807,-0.9494326662710478
AGGGAGTGTCTCGTTC.1,SeuratProject,0.018463642580351037,0,4387,1198,9.21570771143326,-7.072546122812259
AGGGATGCACATTCGA.1,SeuratProject,0.034711341448716404,0,8297,2063,7.699402610781682,-5.958253731338172
AGGGTGACAAAGGCGT.1,SeuratProject,0.02340390340721138,1,12092,3110,-2.794857123398809,-2.8458427333596426
AGGGTGACAAGTAATG.1,SeuratProject,0.030990415335463258,0,3130,1012,9.200616420706556,-7.502472240730503
AGTAGTCGTCGCCATG.1,SeuratProject,0.025878003696857672,3,2164,976,-8.087139660900338,-2.5290601332447853
AGTGAGGAGCCTCGTG.1,SeuratProject,0.038141913488173876,0,9386,2363,8.805137345981766,-6.315028131307545
AGTGGGACAGCGTAAG.1,SeuratProject,0.0185929648241206,1,1990,1012,-3.4757663754429657,0.057110386465769165
AGTGTCACAGATGAGC.1,SeuratProject,0.017672219720846465,5,8884,1758,1.425641492403311,-4.474338916528236
AGTGTCAGTCGCGGTT.1,SeuratProject,0.011665141811527904,0,4372,1475,7.431067286463649,-6.384488572201975
ATAGACCCAGATTGCT.1,SeuratProject,0.02080820265379976,0,3316,813,9.638793071736597,-6.22125896636664
ATCACGACATCATCCC.1,SeuratProject,0.02900717703349282,4,6688,2133,4.968660362072329,-4.495741684713948
ATCACGATCTGGCGAC.1,SeuratProject,0.012235449735449735,3,3024,1318,-8.333350798297339,-2.095895439283412
ATCATCTTCTCTGTCG.1,SeuratProject,0.031382527565733676,9,3537,1264,0.9305890063743657,-2.3219188327370093
ATCATGGAGGTACTCT.1,SeuratProject,0.021337126600284494,3,2109,991,-7.486511587031404,-2.082745952556293
ATCCACCTCGTACGGC.1,SeuratProject,0.01162506118453255,4,16344,3938,5.97615962581758,-2.2675409681134693
ATCCGAACAAGCGCTC.1,SeuratProject,0.030638297872340424,1,3525,1449,-3.2575236745860234,-2.8176962242993038
ATCCGAAGTGACGCCT.1,SeuratProject,0.01702487321902922,0,8282,1551,9.208653734263093,-7.1817966322277424
ATCCGAATCGCGCCAA.1,SeuratProject,0.044557549781230464,4,11199,2675,6.896054016198269,-2.496943455179292
ATCGAGTCAAAGAATC.1,SeuratProject,0.021226965243760207,2,4287,1428,3.387160043903942,-6.283286227549925
ATCTACTAGAGTGACC.1,SeuratProject,0.022988505747126436,3,2175,990,-7.536403109203974,-2.5402008378901564
ATCTACTAGGTGGGTT.1,SeuratProject,0.01910299003322259,3,2408,1183,-8.228453221714718,-2.008840727996755
ATCTACTTCCCTTGCA.1,SeuratProject,0.026494931191537292,4,20419,3748,6.755159927897502,-2.8177973396570124
ATCTACTTCGGTTAAC.1,SeuratProject,0.0234200103323575,1,5807,1842,-5.557570933017695,-1.688177856368426
ATGAGGGAGCACAGGT.1,SeuratProject,0.02904184770180654,0,8746,2204,8.399605781072601,-5.704180481517148
ATGAGGGAGGACCACA.1,SeuratProject,0.05265281420213839,2,4957,1669,3.1730488428057004,-6.577015212658458
ATGCGATGTCGACTAT.1,SeuratProject,0.02149487054225696,9,2047,893,1.2023761590886832,-2.0441578520499366
ATGCGATGTTATCCGA.1,SeuratProject,0.07903475758246624,4,4517,1858,6.107932177910599,-2.1736906132016287
ATGCGATTCATTATCC.1,SeuratProject,0.11338661338661339,5,2002,843,0.9144429792953247,-0.9941887994255829
ATGCGATTCCTTTACA.1,SeuratProject,0.027095292766934558,7,4355,1627,-1.930072485038652,1.4024832959800118
ATTATCCAGTATGACA.1,SeuratProject,0.060468227424749166,8,7475,2136,6.716025946833989,-2.1571149785551005
ATTCTACGTCATATCG.1,SeuratProject,0.02652794422050332,5,18358,3339,0.4650911473757206,-4.877794079922001
ATTGGACTCGGAAACG.1,SeuratProject,0.018788763225100327,0,5482,1643,7.384498067775818,-6.878440687857368
ATTTCTGGTTGAGGTG.1,SeuratProject,0.05239520958083832,0,2004,749,9.987231559879046,-6.622530170593511
ATTTCTGTCCTCAATT.1,SeuratProject,0.059597136673880474,5,6007,1682,0.6618074046466256,-4.022105610719112
CAACCTCAGGGAAACA.1,SeuratProject,0.06546915622784212,4,4231,1461,6.43456635921575,-2.3701507709775482
CAACCTCCAGACGTAG.1,SeuratProject,0.02044648445649906,3,4793,1787,-8.107583096954725,-0.8245827934142612
CAACCTCGTAAGGATT.1,SeuratProject,0.03263568641362185,0,14095,3139,8.46669919387721,-4.4160686657184565
CAACTAGTCCTATGTT.1,SeuratProject,0.01888412017167382,1,5825,2063,-5.931596692582933,-1.591495102780495
CAAGAAATCATTGCGA.1,SeuratProject,0.09361702127659574,2,1410,690,3.07486030812533,-6.643546828995906
CAAGAAATCTTTCCTC.1,SeuratProject,0.021317416329140908,3,4691,1905,-7.3653314610915475,-0.9100951081312041
CAAGGCCCACGAAAGC.1,SeuratProject,0.017194827341196532,0,7037,2019,8.304068481433632,-5.045219089412973
CACACAAAGGCCCGTT.1,SeuratProject,0.019756427604871448,5,14780,3360,4.592636712602943,-6.685756732098456
CACACAAGTGCTCTTC.1,SeuratProject,0.009403832505322923,0,5636,1159,3.470358750643543,-5.089069892128178
CACACCTAGCCTATGT.1,SeuratProject,0.04267425320056899,1,12654,3401,-2.8689597792665706,-2.4969920496321123
CACAGGCAGATCTGAA.1,SeuratProject,0.021052631578947368,5,5225,1714,-0.10304732190581976,-3.8106548077787745
CACCAGGAGCCTTGAT.1,SeuratProject,0.009337068160597572,3,4284,1616,-8.385460956483636,-1.8007177607588836
CACCTTGGTATGAATG.1,SeuratProject,0,2,1755,699,3.919078140892039,-5.210972083098478
CACCTTGGTTTGTTTC.1,SeuratProject,0.034528301886792456,1,5300,1854,-5.037273801250551,-1.0260560878349856
CAGATCACACACCGCA.1,SeuratProject,0.050673362246062545,8,4381,1591,6.5248510760598455,-2.3392731575601466
CAGATCACAGTAAGAT.1,SeuratProject,0.01887705711519845,3,6198,1920,-7.053981941380835,-1.4761660866051374
CAGCAGCGTAGAAAGG.1,SeuratProject,0.028451429345617125,5,14762,3223,1.8222243690996107,-5.057866831100608
CAGCCGAAGTACCGGA.1,SeuratProject,0.0024847807181016274,0,8049,1857,7.818616148806377,-5.263926961449893
CAGCCGATCTCGTATT.1,SeuratProject,0.024110218140068886,1,4355,1718,-5.355013430833217,-1.4133108958741551
CAGCGACCAATGTAAG.1,SeuratProject,0.030500203334688898,1,2459,1093,-3.0695013137638463,0.0730622831359245
CAGCGACGTTCCACAA.1,SeuratProject,0.019482407676650187,1,13756,3074,-4.908284486154397,-2.1954366340444844
CAGCTAACAATGTAAG.1,SeuratProject,0.047279604306080886,2,6874,1983,5.831884441845871,-7.025059073649561
CAGCTAATCTTCTGGC.1,SeuratProject,0.04996405463695183,5,11128,2535,0.5863021739844579,-4.210365832538198
CAGGTGCGTCATGCAT.1,SeuratProject,0.01638311279143037,3,3174,1353,-7.631312229066102,-2.0233279610416393
CAGTCCTAGCTGAAAT.1,SeuratProject,0.023192072527935904,3,4743,1621,-7.0141753448086135,-1.171424716668496
CATATGGGTCTAGGTT.1,SeuratProject,0.027874564459930314,5,6601,2016,0.747510264307876,-3.4234422842526384
CATCAAGAGCACAGGT.1,SeuratProject,0.08109875735775017,2,1529,806,3.8436482047143707,-6.659567228035963
CATCAGAAGCCTATGT.1,SeuratProject,0.029595611685163923,0,7839,1973,8.588864881862927,-7.470453811169759
CATCAGATCCTGTAGA.1,SeuratProject,0.0345835362883585,2,6159,2007,6.081826520816081,-7.276509078876081
CATCCACTCATAGCAC.1,SeuratProject,0.04207508784908452,5,10814,2672,0.7704436461965269,-4.48160542499231
CATGACATCCAGTAGT.1,SeuratProject,0.00692979813196746,3,3319,1452,-8.690839590838472,-1.7619894758776151
CATGCCTGTACCAGTT.1,SeuratProject,0.01498264206102686,5,16419,3127,0.6045701640042197,-4.520941236552222
CATGCCTGTAGGCTGA.1,SeuratProject,0.03248587570621469,1,4248,1502,-4.877837750467574,-2.8073990051569915
CATGCCTGTCCCTACT.1,SeuratProject,0.010568621613575468,6,6718,1957,6.701479560697923,2.028977744142623
CATGCCTTCTCTGTCG.1,SeuratProject,0.03562733322512579,8,12322,3157,5.819063613745028,-1.9073447210163537
CCACGGAAGGGTCTCC.1,SeuratProject,0.010857929346994954,6,6539,2169,7.020636105779252,1.761152524291323
CCACTACAGACCTTTG.1,SeuratProject,0.0098734529272702,6,7191,1954,6.786853149949043,1.1129496476676661
CCACTACCATCCTAGA.1,SeuratProject,0.020246640898214614,3,5433,1991,-7.984712783751949,-0.9969205153819926
CCATGTCAGACGCAAC.1,SeuratProject,0.023791635361883296,0,3993,1371,6.737638670998815,-7.180220829598233
CCATGTCAGAGGTTGC.1,SeuratProject,0.019527436047646944,1,5121,1797,-3.282531904953052,-0.20094594680704478
CCATGTCCAAGTAATG.1,SeuratProject,0.029195940671350507,2,6405,1733,4.031405694816933,-6.783643887414077
CCATTCGCACCATCCT.1,SeuratProject,0,5,1488,598,1.5223863450548492,-4.062402028376781
CCCAGTTCAGTATAAG.1,SeuratProject,0.03187250996015936,1,2008,894,-4.742333640466628,-0.9605644175070053
CCCAGTTTCCCGACTT.1,SeuratProject,0.03872923215087562,1,8908,2292,-3.7462974133477935,-1.374819601862906
CCGGGATGTGCCTTGG.1,SeuratProject,0.014562303491643223,0,6043,1643,9.551813958873927,-5.239223581255854
CCGGGATGTTCGTGAT.1,SeuratProject,0.03455723542116631,1,6019,1833,-4.905777703457193,-2.398702996143213
CCGGGATTCTTAGCCC.1,SeuratProject,0.00906525784955274,0,16657,2943,10.492098405791936,-5.69731978584737
CCGTGGATCCAAATGC.1,SeuratProject,0.030935519940365263,2,2683,1235,2.9050381641480865,-5.106008735371867
CCTAAAGCAAGGACAC.1,SeuratProject,0.030764544623819678,7,6566,2185,-1.6649949411125105,1.4893094212854945
CCTACCACACAGGCCT.1,SeuratProject,0.0031473533619456365,0,10485,2259,9.34735866523816,-6.084756236361929
CCTACCACACGACTCG.1,SeuratProject,0.004555067512607776,0,6147,1512,9.20463962086117,-5.2634215822126205
CCTACCAGTGCACTTA.1,SeuratProject,0.045122587376108504,2,3834,1315,4.7054374504285645,-7.322287039510529
CCTTCCCAGATCCCAT.1,SeuratProject,0.012806971217322419,6,7574,2262,7.1905324296007835,1.812353431680314
CCTTCGACATGTAGTC.1,SeuratProject,0.030222693531283137,7,3772,1412,-2.1668435403484883,1.7412786300220555
CGAACATAGTAGCGGT.1,SeuratProject,0.029518509557222357,1,4133,1556,-4.321009680045009,-0.8129593987454018
CGAACATTCTGCGTAA.1,SeuratProject,0.04921803127874885,2,2174,908,4.607259903935766,-7.274532193007214
CGAATGTTCTACCTGC.1,SeuratProject,0.03125533731853117,0,5855,1724,7.275511389581816,-7.548681182803789
CGACCTTCAATGCCAT.1,SeuratProject,0.02221648152932059,1,3871,1497,-4.931052525339884,-1.099988554569094
CGAGAAGGTATCACCA.1,SeuratProject,0.0233983286908078,0,1795,742,8.189844064530531,-6.978024927209677
CGAGCACTCTAGCACA.1,SeuratProject,0.03047220283786927,9,4299,1522,1.1344480594392965,-2.0785993895209733
CGAGCCAAGAGACTTA.1,SeuratProject,0.03449762828805519,7,4638,1745,-1.4324962527475995,1.573161211368677
CGATCGGTCGCAGGCT.1,SeuratProject,0.06999216505615043,1,7658,2172,-4.403510776893194,-1.799102917546205
CGATGGCTCCGCAGTG.1,SeuratProject,0.03214343401712163,3,6191,2177,-7.625912602086022,-0.9880859709907949
CGATGTACAGCCTTGG.1,SeuratProject,0.035770071852546076,2,12804,3147,2.518538574588601,-5.39049824414025
CGATTGAAGAATCTCC.1,SeuratProject,0.035600907029478455,0,8820,2409,8.024335942350294,-4.753909890135591
CGATTGAAGAGAACAG.1,SeuratProject,0.019702276707530646,7,2284,1163,-1.8969453466081752,2.1360513486827757
CGCCAAGCACCTATCC.1,SeuratProject,0.020122973728339856,4,3578,1184,0.13468252657241953,-3.7740386656438663
CGCGTTTAGCGAGAAA.1,SeuratProject,0.03713207547169811,4,6625,2119,5.225597865056541,-4.629021857969994
CGCTTCAAGAGGTTAT.1,SeuratProject,0.029401470073503674,1,2857,1183,-4.338309756091742,-0.3984927971785812
CGCTTCAAGTGTCTCA.1,SeuratProject,0.008584442887175893,2,5708,1897,6.99033254476817,-5.584522272015077
CGGACACAGACACTAA.1,SeuratProject,0.017584690974915957,7,3867,1467,-1.5798844510596946,2.102389588332426
CGGACACCACGTGAGA.1,SeuratProject,0.033545197740113,2,2832,1198,3.1174958196126856,-5.66806861930854
CGGACACCATCTCGCT.1,SeuratProject,0.02888086642599278,3,4155,1533,-6.759632794554776,-2.517654916874197
CGGACACCATGGTTGT.1,SeuratProject,0.03928494968957397,2,9342,2359,4.595337901427476,-6.988476895205293
CGGACTGAGAAGGGTA.1,SeuratProject,0.022362317116688474,0,8407,2266,8.697975553122236,-5.307730766347301
CGGACTGAGTAACCCT.1,SeuratProject,0.037371134020618556,0,11640,2582,10.315721478739011,-5.924717355428086
CGGAGCTGTGAGGGAG.1,SeuratProject,0.07146814404432134,0,3610,1428,8.298027452210814,-6.95174225425466
CGGAGCTTCTGGTATG.1,SeuratProject,0.05479050688543803,2,3413,1257,5.431116764714741,-6.983616242848599
CGGAGTCCAGACTCGC.1,SeuratProject,0.02089864158829676,3,1914,949,-7.886179524964675,-2.3047856006967384
CGGCTAGCATTCTCAT.1,SeuratProject,0.06424825174825174,0,2288,1002,8.247080199934436,-7.701569303116545
CGGCTAGTCGGAATCT.1,SeuratProject,0.02882205513784461,2,3192,1153,5.245406252481175,-7.149989402848062
CGGGTCAGTCACCCAG.1,SeuratProject,0.05928030303030303,0,5280,1774,9.355594619659277,-7.028636372802086
CGGGTCATCAAGGCTT.1,SeuratProject,0.010112359550561797,6,7120,2031,7.578088880494638,0.8932760429350245
CGGTTAAAGGGTATCG.1,SeuratProject,0.04328918758647954,2,5059,1592,3.49547807835975,-6.71942859435824
CGTAGGCAGACAAAGG.1,SeuratProject,0.011524103229995131,6,6161,1779,6.988013860098891,1.9202647225414642
CGTCAGGAGTACGCCC.1,SeuratProject,0.014863175441033476,6,7199,2092,7.064810813856367,1.9593034222212748
CGTCAGGGTTAAGATG.1,SeuratProject,0.015161360190599956,0,9234,2247,7.114301600130893,-5.86568102921027
CGTCAGGTCTGGGCCA.1,SeuratProject,0.033837293016558675,2,4167,1508,4.390908746360384,-5.5264591615368985
CGTCCATAGAGGTAGA.1,SeuratProject,0.030306369847917125,4,9074,2505,5.211886414761006,-3.986011598867962
CGTCTACCATCCTAGA.1,SeuratProject,0.01623953311342299,3,3941,1597,-7.6539669359845055,-2.257551106562613
CGTCTACGTGAGGGTT.1,SeuratProject,0.025803809133729264,1,4883,1635,-3.0548812747565144,-0.2998265469726766
CGTCTACTCAGGCAAG.1,SeuratProject,0.019621421975992613,0,4332,1457,9.060950857155722,-5.59014329514637
CGTGAGCAGACGCACA.1,SeuratProject,0.036419482229047825,2,4558,1562,4.267143807297074,-7.06762478780795
CGTGAGCCAAGGGTCA.1,SeuratProject,0.029716587258706222,0,20359,3901,7.705654848963788,-3.3031946852073877
CGTGAGCCACGGATAG.1,SeuratProject,0.015705578996718237,3,4266,1733,-8.506828589155072,-1.6528096664372705
CGTGTAAGTGCAGACA.1,SeuratProject,0.10561151079136691,4,3475,1406,-1.6041773456870274,-2.978887177997405
CGTGTCTTCCTGTAGA.1,SeuratProject,0.018166455428812844,0,2367,813,9.031197165352431,-5.787760325979222
CGTGTCTTCTCATTCA.1,SeuratProject,0.01993987975951904,7,9980,2759,-1.8854492995037926,0.8600011030910383
CGTGTCTTCTGTCCGT.1,SeuratProject,0.030605600173648797,0,4607,1434,7.320056679116604,-7.576072831207337
CGTTAGACAGCCAGAA.1,SeuratProject,0.009233108842059527,6,9206,2464,6.901478595838675,1.8391633633070306
CGTTCTGAGGAGCGTT.1,SeuratProject,0.01698737221888154,4,6652,2329,5.890820938311072,-4.195489367551633
CGTTGGGAGTAAGTAC.1,SeuratProject,0.011441647597254004,0,7429,1796,9.466927058259742,-5.1668942363856765
CTAACTTAGGACATTA.1,SeuratProject,0.03705337450374945,2,6801,1951,3.525000188329731,-6.198390573974342
CTAAGACTCCATGAAC.1,SeuratProject,0.09342403628117914,2,2205,1076,1.9231694556909713,-5.54549233570701
CTAAGACTCGTCTGAA.1,SeuratProject,0.04285157771717959,2,5134,1704,4.304770452120937,-6.3156987156325695
CTACATTCACCGTTGG.1,SeuratProject,0.02372479240806643,9,3372,1345,1.2026530199524792,-1.9450843019917126
CTACCCACATTGGCGC.1,SeuratProject,0.019428665514118714,5,12147,2420,1.1036519093497896,-4.523371297280178
CTAGAGTAGTGGACGT.1,SeuratProject,0.035424522911667235,4,8751,2395,4.5757861524353505,-4.130656374595645
CTAGAGTCAATCCAAC.1,SeuratProject,0.03370424125141106,0,6201,2083,6.338638716614503,-6.826604959419524
CTAGTGACAGTTCCCT.1,SeuratProject,0.039137833238797506,2,3526,1416,3.2422915266551313,-5.383836879898162
CTCAGAAGTAAATACG.1,SeuratProject,0.015029522275899088,3,1863,991,-7.801959600274533,-1.6926500031737495
CTCAGAATCCGCAAGC.1,SeuratProject,0.016468626224723785,1,4797,1395,-4.019361892039989,-2.0306692122257752
CTCCTAGCAAGCTGTT.1,SeuratProject,0.0043583535108958835,4,4130,926,4.363882992162752,-2.9962204266427324
CTCCTAGTCCAACCAA.1,SeuratProject,0.044820717131474105,7,3012,1076,-0.9714555091045374,1.049430454267171
CTCGAAAAGTTTCCTT.1,SeuratProject,0.026262168892913742,7,4417,1459,-2.2849099753032776,1.7514561497923091
CTCGAGGAGTGACATA.1,SeuratProject,0.025632521557850847,5,21106,3128,0.6266708960694329,-4.90776531679202
CTCGAGGGTGGTCTCG.1,SeuratProject,0.02557232172237108,0,21273,4036,8.008270095404452,-3.8341653237808395
CTCGGGATCAAGCCTA.1,SeuratProject,0.00865717583686033,0,5198,1483,9.764221157218355,-6.476469602646346
CTCGTCAGTCATATGC.1,SeuratProject,0.029354749376903903,2,3611,1347,4.989388511687927,-7.50355994277319
CTCTAATCAGCTGTAT.1,SeuratProject,0.001692047377326565,4,3546,654,4.575602918333239,-2.6117234138360423
CTCTAATGTGTGGCTC.1,SeuratProject,0.0215311004784689,0,13794,3055,7.165130568253929,-5.935807249581643
CTCTACGAGTGTACGG.1,SeuratProject,0.07087024491922876,0,1919,947,10.05588502906103,-7.081266373294163
CTGAAACGTAGAGTGC.1,SeuratProject,0.05807021417531464,5,4529,1325,5.990769339404301,1.3281582579987075
CTGATAGAGCCCAACC.1,SeuratProject,0.02308707124010554,7,3032,1224,-2.258727926208029,1.8065788687944995
CTGATCCGTCCATGAT.1,SeuratProject,0.021756225425950196,0,3815,1240,9.244828062553074,-6.232726662160257
CTGCTGTAGCAGGTCA.1,SeuratProject,0.03359149855907781,2,11104,2788,3.170869906446189,-5.6462482541127494
CTGGTCTCATGCTAGT.1,SeuratProject,0.10809567617295308,5,2174,866,1.1807527643829714,-3.9876181904604096
CTGTGCTTCCATGCTC.1,SeuratProject,0.012687555163283319,0,9064,2282,8.647710193956112,-7.23867578691686
CTGTGCTTCTTCGGTC.1,SeuratProject,0.0036429872495446266,0,6039,1442,9.554349298592374,-5.69874301972367
CTTAACTAGACCACGA.1,SeuratProject,0.04665120032277587,1,19828,4335,-2.086710243540941,-2.962096538664118
CTTTGCGAGCCAGGAT.1,SeuratProject,0.06236442516268981,0,9220,2671,8.960988428109268,-4.049953173185621
GAAATGAGTGGCAAAC.1,SeuratProject,0.00967741935483871,3,4030,1469,-6.633492894178391,-2.351789450627847
GAAGCAGAGCTGCCCA.1,SeuratProject,0.013215258855585832,6,7340,2262,7.184711992155181,1.098343965727445
GAATAAGGTGCACTTA.1,SeuratProject,0.0281412177472407,0,13681,3023,6.8654759946011295,-5.71295996278908
GAATAAGGTGTATGGG.1,SeuratProject,0.008811681772406849,1,3972,1526,-3.939329793350872,-1.8815984329587447
GACCAATGTCCTGCTT.1,SeuratProject,0.01719411911288313,1,4013,1545,-3.4529463094912343,0.040547007362969414
GACCTGGAGCCACGCT.1,SeuratProject,0.0011248593925759281,4,3556,1272,5.086439984685232,-3.1516752233087884
GACCTGGCAGACAAAT.1,SeuratProject,0.028186856690419634,5,18945,3552,0.49913567621725613,-4.748976568177865
GACGCGTGTCCAGTAT.1,SeuratProject,0.02461011448661318,0,11093,2817,6.867100959177862,-5.141124262101859
GACGCGTTCCCTCAGT.1,SeuratProject,0.0014204545454545455,0,1408,626,10.03679618304563,-4.74798958060169
GACGGCTCAAGAAGAG.1,SeuratProject,0.004730368968779565,3,5285,2097,-8.441186647581869,-1.554832224018919
GACGTGCTCGTCCGTT.1,SeuratProject,0.028370135703815785,5,21149,4023,0.14923924452448503,-4.8144631701680245
GACTAACCAGTGGGAT.1,SeuratProject,0.033428634264350124,1,4547,1600,-6.526394411560959,-1.5631945686714164
GACTAACGTTATCCGA.1,SeuratProject,0.012784751278475127,1,4302,1653,-2.8707530285213827,0.31132550920171864
GACTACATCTTGTATC.1,SeuratProject,0.03445883441258094,1,4324,1576,-3.881066074280371,-2.443461747266307
GACTGCGAGGAATCGC.1,SeuratProject,0.032399780340472265,8,9105,2350,6.7440802607711,-2.2304476423494197
GACTGCGTCCCGACTT.1,SeuratProject,0.017628660790446404,1,7034,1884,-3.706915444633043,-1.7143963505603985
GAGCAGAAGGAGTTGC.1,SeuratProject,0.04826648538409246,2,2942,1269,2.884819529778816,-5.775014709700046
GAGCAGAGTCTAGTCA.1,SeuratProject,0.0215223927836683,4,12638,3202,5.782806350860453,-3.7444784636476225
GAGTCCGGTCTCTCGT.1,SeuratProject,0.025275784513226946,6,9337,2554,6.653263569696299,1.2297925254223716
GATCAGTCATGGTTGT.1,SeuratProject,0.03295880149812734,2,2670,1076,3.2127566919037926,-5.762111707653722
GATCAGTGTCTTCAAG.1,SeuratProject,0.0930493273542601,0,1784,872,8.87155144479316,-3.5577115551239715
GATCGCGCATGAAGTA.1,SeuratProject,0.013506493506493506,6,7700,2248,7.187180868049054,0.9756397294972893
GATCGCGTCACGACTA.1,SeuratProject,0.033419023136246784,1,3890,1455,-5.574244958772841,-2.346468099013682
GATCGTAAGGTGCACA.1,SeuratProject,0.06462167689161555,2,2445,978,3.8934072989622,-6.443384229495297
GATCTAGCAAGTAGTA.1,SeuratProject,0.04207920792079208,1,1616,811,-4.344231972793139,-1.8140499254800233
GATCTAGCAGTGACAG.1,SeuratProject,0.004725339633786178,0,8465,2310,8.535103876482864,-4.761638828675656
GATCTAGGTTTGTGTG.1,SeuratProject,0.02639492148346141,9,2993,1170,0.9358435781737978,-2.2209760995718923
GATCTAGTCGCGTTTC.1,SeuratProject,0.03659174072138003,2,1913,908,3.426359243860646,-5.1855121381788205
GATGAAACAACACGCC.1,SeuratProject,0.023800157356412274,1,5084,1672,-4.320300650366047,-0.3904648033223223
GATGAAACACGAAAGC.1,SeuratProject,0.03314203730272597,4,6970,2153,5.062854851530987,-3.671879454771787
GATGAGGAGCTGGAAC.1,SeuratProject,0.010091948867459071,3,4459,1645,-7.03082041738826,-2.164499232039823
GATTCAGAGTACGACG.1,SeuratProject,0.0025162507863283707,0,4769,1205,10.295491566400976,-5.58282175536143
GATTCAGCATCTCCCA.1,SeuratProject,0.03614251455978075,3,5838,2239,-7.359720816902452,-1.0204114848772967
GCAAACTGTCCGACGT.1,SeuratProject,0.034492123845736015,8,3682,1448,5.825729000666507,-3.081614769907776
GCAATCACAGACAAAT.1,SeuratProject,0.016759477404155065,0,18676,3307,9.452756985650376,-4.265849929528571
GCACTCTAGAATCTCC.1,SeuratProject,0.011525733196393929,6,8763,2323,7.53127026170356,1.3663674526282228
GCAGCCACAACCGCCA.1,SeuratProject,0.02442244224422442,1,1515,626,-1.2921294587193979,-2.9408567121589
GCAGCCATCACTGGGC.1,SeuratProject,0.02898318654923939,0,6245,1755,9.868989246044118,-5.419534724953512
GCATACATCGATAGAA.1,SeuratProject,0.07120036513007759,2,2191,1066,2.6758890076151487,-6.083708767138884
GCATGATAGATAGTCA.1,SeuratProject,0.02975929978118162,4,13710,3295,5.8648501720917325,-3.821996891203728
GCATGATTCCGCATCT.1,SeuratProject,0.023322227510709188,2,2101,924,5.603504550620554,-7.045277849909356
GCATGTAGTGTATGGG.1,SeuratProject,4.640371229698376e-4,4,2155,579,4.419750601262215,-3.3924580824763106
GCGAGAACACGCGAAA.1,SeuratProject,0.07104836843323305,0,4321,1357,9.651100098667428,-4.339916425679335
GCGAGAACAGTACACT.1,SeuratProject,0.02652050919377652,0,8484,2404,7.648514565538068,-6.992116440248053
GCGCAGTTCTTCGAGA.1,SeuratProject,0.03444413329599552,9,3571,1193,1.0126090706102628,-2.2995583981880596
GCGCCAAGTCTTGATG.1,SeuratProject,0.008454298931249002,0,6269,2143,9.539266569954771,-4.565727055376906
GCGGGTTAGGTGATAT.1,SeuratProject,0.06503378378378379,8,2368,1177,6.803709084770716,-1.7423182667046488
GCGGGTTTCCTTGCCA.1,SeuratProject,0.03652412113833511,8,6571,1962,6.475345994609588,-1.7945687170140283
GCGGGTTTCGTCTGCT.1,SeuratProject,0.022737505628095452,7,8884,2468,-1.629114864342916,0.8597601451620792
GCTCCTACATGCCTTC.1,SeuratProject,0.034046374918354015,4,12248,3037,5.9411142278983355,-3.736137011755758
GCTCCTAGTACCAGTT.1,SeuratProject,0.01485148514851485,4,1414,349,4.147198848256095,-2.5756443456523868
GCTCCTAGTCGGCATC.1,SeuratProject,0.027570548167369445,3,3083,1321,-7.347825165995823,-1.884779611720154
GCTCCTAGTCTCAACA.1,SeuratProject,0.022298456260720412,7,2332,955,-1.2108256753250193,1.7229673596429218
GCTGCAGAGGGTCTCC.1,SeuratProject,0.04402015380535667,4,3771,1551,6.319866521774065,-2.7217286777407748
GCTGCAGGTGACTACT.1,SeuratProject,0.04209260372820205,1,3326,1272,-5.421706921619033,-1.989841331651404
GCTGCGACACGGACAA.1,SeuratProject,0.0779114270092947,8,3658,1566,6.708803914273968,-1.7162128857996488
GCTGCGATCATCTGTT.1,SeuratProject,0.02428897654141582,1,4817,1534,-5.200873877841955,-2.0535534719083794
GCTTCCAAGCTGTTCA.1,SeuratProject,0.017868745938921377,5,15390,2728,0.763768642258805,-4.309633478843673
GCTTCCAGTCGCCATG.1,SeuratProject,0.04651414940908598,0,9223,2495,7.798002487424248,-7.944801811026139
GCTTCCATCGCACTCT.1,SeuratProject,0.0075888237323214905,9,2899,1242,1.2385576440697317,-2.112490276305633
GGAAAGCGTATGAAAC.1,SeuratProject,0.010686720759944587,1,5053,1866,-2.545840005233749,0.43351649997998987
GGAACTTAGTGGACGT.1,SeuratProject,0.06839266450916937,2,4635,1750,7.873587938597184,-7.917120313756422
GGAATAAGTTTAAGCC.1,SeuratProject,0.007959479015918957,0,1382,573,9.741342574391966,-5.710862983751702
GGAATAATCAGGCAAG.1,SeuratProject,0.0217032318943147,1,4239,1577,-2.9191056995380174,-0.38170601785971414
GGACAAGCATTATCTC.1,SeuratProject,0.04136197440585009,1,4376,1501,-4.326631001602271,-2.5093828832096072
GGACAGAGTGCCTGTG.1,SeuratProject,0.046074610244988864,8,7184,2152,6.428854597517938,-1.9343943963302048
GGACATTCACAGAGGT.1,SeuratProject,0.022000687521485048,3,2909,1263,-7.861146156685353,-1.8757895803334286
GGACGTCTCGTGACAT.1,SeuratProject,0.015097447158934943,0,7286,1972,9.043804069080053,-6.06340914674408
GGAGCAAAGCCGGTAA.1,SeuratProject,0.021356594976688223,6,13298,3008,6.375933533019932,1.5617411365683265
GGATGTTGTAAATGAC.1,SeuratProject,0.04299175500588928,3,3396,1378,-7.644026016744494,-0.674473352548586
GGATGTTGTTAGAACA.1,SeuratProject,0.03749607781612802,4,6374,2328,5.556718767471369,-2.1648461281224485
GGATTACAGAGTACCG.1,SeuratProject,0.028505747126436783,1,2175,865,-3.823009782940635,-2.4864528462243634
GGCCGATCAGATCCAT.1,SeuratProject,0.03787683586704458,5,11643,2590,0.7593451503291734,-4.576178908361548
GGCGACTAGGCTCATT.1,SeuratProject,0.028888551011099287,2,6577,2033,6.220360743510621,-7.5478592400457565
GGCGACTCACTTAAGC.1,SeuratProject,0.022248947684906796,5,1663,886,-0.1183249072986366,-3.6431865170840227
GGCGTGTGTGATGATA.1,SeuratProject,0.03322557471264368,7,5568,1769,-1.458560168342443,1.25901075456178
GGCGTGTGTTATTCTC.1,SeuratProject,0.02204585537918871,0,4536,1237,7.994693562955979,-7.553329771790921
GGCTCGACAGTCAGCC.1,SeuratProject,0.03172053804456936,8,4981,1754,6.453774393163016,-2.0460458513742807
GGCTGGTCAAACTGTC.1,SeuratProject,0.0344400396432111,5,4036,1395,-0.3873569315787584,-3.481515824634265
GGGAATGCAGATGAGC.1,SeuratProject,0.04115499502157318,0,3013,1110,6.37293464795912,-6.878139956567705
GGGAATGGTATTACCG.1,SeuratProject,0.013230154767848227,1,4006,1539,-4.666212702372038,-1.4342869039869168
GGGAATGTCCTTTCGG.1,SeuratProject,0.010427204108629679,0,12851,2974,9.423732247968173,-4.334069327072496
GGGAGATCAAACTGTC.1,SeuratProject,0.016015374759769378,1,3122,1365,-2.2076924184091067,1.092881985696965
GGGATGATCCCTCTTT.1,SeuratProject,0.020793607554708073,0,11013,2696,8.497599963955981,-7.523846116214444
GGGCACTGTCCCGACA.1,SeuratProject,0.03502740871504227,4,10763,2698,5.454722591218694,-3.2358863989079247
GGGCATCAGCGTTCCG.1,SeuratProject,0.06753069577080491,0,1466,629,10.20254310775591,-6.687242671496082
GGGTCTGGTGGACGAT.1,SeuratProject,0.05450733752620545,2,2385,1106,3.9773494245423633,-6.224684524153563
GGGTTGCTCTTGTTTG.1,SeuratProject,0.04960664335664336,0,4576,1434,8.092582568654295,-7.168589758377424
GGTGCGTCACGACGAA.1,SeuratProject,0.013896171997902464,6,7628,2349,6.123029991278242,1.5892206264765936
GGTGTTACACGAGGTA.1,SeuratProject,0.021752837326607818,3,3172,1360,-7.31518132607892,-1.7911296432386048
GGTGTTATCTTGGGTA.1,SeuratProject,0.002920095566764003,0,3767,1055,8.940657413419205,-5.099654438443588
GTACTCCAGATCTGAA.1,SeuratProject,0.06293266205160478,5,1589,778,2.500117898972607,-4.352929639433863
GTACTCCAGTGTACCT.1,SeuratProject,0.011984021304926764,0,5257,1290,10.170824728056173,-6.168721636421945
GTACTCCTCTTAACCT.1,SeuratProject,0.024651444736310365,1,4949,1844,-5.008195943331558,-2.704148588382968
GTAGGCCCAATGGACG.1,SeuratProject,0.05775444264943457,2,2476,1018,5.596993648530991,-6.95062008946547
GTAGTCAGTTCGGCAC.1,SeuratProject,0.047566976489885185,0,3658,1319,10.171583168449274,-6.3963072702915715
GTCAAGTAGGATGCGT.1,SeuratProject,0.03341968911917098,7,3860,1401,-1.837299069162611,1.6238959779811148
GTCAAGTGTGATGTCT.1,SeuratProject,0.030798389007344232,0,8442,2288,7.973701077228695,-5.637675795366957
GTCAAGTTCGTTGACA.1,SeuratProject,0.002396644697423607,4,1669,760,4.961186237720135,-2.873373201029035
GTCACGGAGAGGTTAT.1,SeuratProject,0.03713934929404543,3,3258,1462,-7.897353654181198,-1.590675493866686
GTCACGGAGATGTTAG.1,SeuratProject,0.034661723818350323,5,16185,3455,2.2920305309331903,-5.050036149415739
GTCACGGGTATCGCAT.1,SeuratProject,0.037572928821470244,7,4285,1577,-1.4532413008462575,1.2474020809112296
GTCACGGGTTGGAGGT.1,SeuratProject,0.04989747095010253,1,2926,1148,-5.23875876139435,-1.9288471805860898
GTCATTTCAAGAGTCG.1,SeuratProject,0.05574712643678161,4,3480,1462,6.128736428796698,-2.382432246784786
GTCGGGTGTACATGTC.1,SeuratProject,0.0162120790425828,5,14372,3036,1.7314769269678099,-5.314704879505414
GTCGGGTGTCAGTGGA.1,SeuratProject,0.035036337997613624,8,9219,2405,6.62306170538068,-1.9089227313679786
GTCGTAAGTGTTTGGT.1,SeuratProject,0.016722408026755852,3,4784,1792,-7.515937343845156,-1.4328675328736238
GTCTCGTAGGCATGTG.1,SeuratProject,0.027636302913918342,0,11977,2718,7.382969207806041,-5.87482595265322
GTCTTCGTCGAGGTAG.1,SeuratProject,0.0376278118609407,1,9780,2523,-3.335454021210993,-1.2858713306120262
GTGAAGGCACCTGGTG.1,SeuratProject,0.02590442161679321,0,6717,1919,7.807310033451408,-5.562382408593172
GTGAAGGTCTTACCGC.1,SeuratProject,0.02374440576827449,3,8044,2585,-7.95683551928614,-0.6876177670676481
GTGCAGCCAGGACGTA.1,SeuratProject,0.025665018045715814,7,7481,2068,-2.3458256342376824,1.2216431148405777
GTGCAGCCATTCCTGC.1,SeuratProject,0.022004889975550123,3,3272,1355,-8.171102002710187,-1.5112485809197227
GTGGGTCTCAACGGCC.1,SeuratProject,0.011553663727576772,6,6578,2001,7.00510789205978,1.7912141366375607
GTGTGCGCAATGGAAT.1,SeuratProject,0.001989829759009507,4,4523,799,4.665460863428604,-3.0083366868836716
GTGTGCGCACTAGTAC.1,SeuratProject,0.03594914511179308,1,2281,1176,-5.460648757982655,-2.2683514683840253
GTGTTAGAGGAGTTTA.1,SeuratProject,0.032157676348547715,1,5784,1806,-4.959354866341806,-2.2955182979264044
GTTAAGCCAAGCCATT.1,SeuratProject,0.021528070915998312,4,2369,1130,5.161686996578769,-2.1876719384166865
GTTAAGCCACATGACT.1,SeuratProject,0.029147175242893127,3,8337,2479,-7.838684389767262,-1.1514414322162079
GTTAAGCTCTTGAGAC.1,SeuratProject,0.022413070800167575,1,4774,1621,-4.54315509247326,-1.800676713009926
GTTCATTAGTGGGTTG.1,SeuratProject,0.0036054596961112542,3,3883,1810,-8.629772236966017,-1.1493315950140037
GTTCATTTCTCGTATT.1,SeuratProject,0.027622909275215407,2,3946,1480,3.374396075066186,-5.249881838036195
GTTCGGGAGTAGCGGT.1,SeuratProject,0,4,1524,425,4.277840436980602,-2.911307637615684
GTTCTCGGTGGTCCGT.1,SeuratProject,0.10556701030927836,8,2425,1104,6.635520335986097,-1.752360365601452
GTTCTCGTCGTAGGTT.1,SeuratProject,0.04140183615819209,0,11328,2794,8.425501462180245,-7.664731222378617
TAAACCGGTGCAGGTA.1,SeuratProject,0.05687022900763359,1,2620,1043,-4.810728552873354,-1.9439901078262025
TAAGAGAGTGATAAAC.1,SeuratProject,0.025075333620318555,4,9292,2387,5.242307756103912,-4.198193166406538
TAAGCGTGTCTGCAAT.1,SeuratProject,0.0171484566389025,3,6123,2070,-7.927454221078372,-1.4819336426768168
TAAGCGTTCTGAGTGT.1,SeuratProject,0.002331002331002331,4,1716,430,4.3258301774052,-3.0250781783268774
TAAGTGCAGCGATAGC.1,SeuratProject,0.016152412507765584,6,4829,1605,7.3868064717888275,1.1110232541404
TAAGTGCCATGTTCCC.1,SeuratProject,0.11838790931989925,0,1588,544,8.718632862713465,-2.8356186297869996
TACACGAGTCTGCAAT.1,SeuratProject,0.060109289617486336,0,6039,1717,8.063380259578006,-6.049540850476901
TACCTATGTAGTACCT.1,SeuratProject,0.02894356005788712,2,1382,739,3.7742555645888234,-4.859686356193684
TACCTATTCCTACAGA.1,SeuratProject,0.011652716231741342,3,6093,2045,-8.442990540728118,-1.31563782508176
TACCTTAGTAGCGTGA.1,SeuratProject,0.10523221634332745,1,1701,793,-1.7206739635183679,-3.012838491307597
TACGGATGTCTTTCAT.1,SeuratProject,0.13229571984435798,5,2056,911,1.6846931148707653,-5.702627519506341
TACGGATTCTTTAGTC.1,SeuratProject,0.016589861751152075,1,5425,1612,-5.541397874698245,-2.48467201138332
TACGGGCCAACCGCCA.1,SeuratProject,0.029188397840607557,5,10929,2696,5.993753653977773,1.7983945391904221
TACGGGCGTGATGTGG.1,SeuratProject,0.08950617283950617,4,1944,1017,-1.1596393795124704,-3.1396151266698964
TACGGTAAGTAATCCC.1,SeuratProject,0.06438631790744467,2,3479,1462,4.011330767662764,-7.0380667259664635
TACTCATCATCGACGC.1,SeuratProject,0.021419324467459103,6,8497,2476,6.5529387060944515,1.4185532620857904
TACTCGCAGGAGTACC.1,SeuratProject,0.012115258677144728,1,6108,1965,-2.871727642369234,-0.1448592591460788
TACTCGCAGGGATGGG.1,SeuratProject,0.04162537165510406,5,8072,1929,0.981058223186971,-4.263556657879558
TACTCGCCAGGAACGT.1,SeuratProject,0.0677160190195114,3,6099,2257,-7.043581355724264,-0.9474396054154012
TACTCGCCAGTTAACC.1,SeuratProject,0.01737797086634296,1,3913,1378,-6.581276791133538,-2.8254573559867593
TACTTACCACGCGAAA.1,SeuratProject,0.035253850541928124,1,8765,2525,-3.2155028057182737,-0.7465045931868702
TAGACCACATCCGTGG.1,SeuratProject,0.02616585777590209,5,14217,2465,0.5394519108386062,-4.4858385059912935
TAGAGCTAGGCAGTCA.1,SeuratProject,0.0188011501880115,7,4521,1708,-1.9314144063697893,1.8514867528674523
TAGCCGGAGGATCGCA.1,SeuratProject,0.001563721657544957,4,2558,703,4.404136548836303,-3.163175464312031
TAGGCATGTATGAAAC.1,SeuratProject,0.02416195037004789,9,4594,1334,0.7592653186385122,-2.390464441468171
TAGGCATGTGTATGGG.1,SeuratProject,0.02550759256099642,7,11722,2904,-2.0537529951725775,0.9591235527422383
TAGGCATTCTAACCGA.1,SeuratProject,0.018205222508275103,1,5438,1463,-4.02456519554066,-2.1307583593310064
TAGTGGTAGCGCTTAT.1,SeuratProject,0.0216788505167633,1,3967,1419,-3.106255297251995,-0.49765552898976695
TAGTGGTGTCATACTG.1,SeuratProject,0.030267116418999,4,10969,2878,4.875173972875049,-4.650697269425865
TATCAGGCAGCTGTTA.1,SeuratProject,0.05027932960893855,2,3938,1486,2.9474539394584545,-6.13562853946809
TATCAGGGTCATATGC.1,SeuratProject,0.02932672449401074,0,4842,1559,7.899336291249353,-6.5597002105667075
TATCAGGTCAGGTAAA.1,SeuratProject,0.018121413470250678,1,3311,1403,-5.546719343850107,-1.9125072395239364
TATCTCAAGTTACGGG.1,SeuratProject,0.02555143044332824,6,4579,1521,7.211515764046015,1.5634508317885618
TATGCCCTCTTTACGT.1,SeuratProject,0.09425205283827205,0,2801,1197,9.160628864141149,-3.9173684188732207
TCAACGAAGCCACGCT.1,SeuratProject,0.02361187972698764,3,5421,1988,-6.825554124896581,-1.4079316377544993
TCAACGAGTGAAAGAG.1,SeuratProject,0.02712899748472871,0,5566,1506,9.13084352684572,-6.7741356515116244
TCAACGAGTGCTCTTC.1,SeuratProject,0.02675943270002676,1,3737,1503,-5.330769030812435,-1.7517487879663463
TCAATCTTCTATCCTA.1,SeuratProject,0.017465692389948315,1,5611,1740,-4.322941323828597,-2.461215341548991
TCAGATGTCGTCCAGG.1,SeuratProject,0.01610486891385768,1,2670,1189,-6.905195069507139,-2.634925217923854
TCAGCTCAGTGGTAGC.1,SeuratProject,0.015843078083741986,7,5302,1791,-1.5829645656632365,1.9454284654534777
TCAGGTAAGATGAGAG.1,SeuratProject,0.014212777701117703,6,7247,2126,7.498484793495073,1.4608032765762615
TCAGGTAAGCGTCTAT.1,SeuratProject,0.04019133173890217,1,17143,3187,-3.7985763207615157,-2.0417826296662427
TCAGGTAAGTATCTCG.1,SeuratProject,0.021855670103092785,0,12125,2609,8.92965303436505,-5.645552441305635
TCATTACAGTCGATAA.1,SeuratProject,0.030860144451739988,3,3046,1246,-6.467331834023564,-1.9854010520906886
TCATTACCACGCATCG.1,SeuratProject,0.029914193497598992,5,12703,3198,2.3941383558584604,-5.4621453075470106
TCCCGATTCCGTAGTA.1,SeuratProject,0.017052936528838557,0,15188,3359,9.922074194291824,-5.471558287361624
TCCCGATTCTTACCGC.1,SeuratProject,0.023328653202289665,0,9259,2513,7.749107777808949,-4.744442391348721
TCGGTAAAGTACACCT.1,SeuratProject,0.04061990212071778,2,6130,1899,6.196912304672821,-6.568005164089102
TCTATTGAGAGCTGGT.1,SeuratProject,0.04031072853243754,0,4763,1468,7.547663797627379,-7.109114807137587
TCTCTAATCCACGCAG.1,SeuratProject,0.0476529160739687,0,7030,1802,10.138633718435125,-6.780947768791298
TCTGAGAGTGGACGAT.1,SeuratProject,0.053279950723744994,5,3247,1115,-0.4728472954689487,-3.7116928197211925
TCTTCGGGTCGGCATC.1,SeuratProject,0.01552185548617306,6,5605,2033,7.0496822248604,0.7829675240968393
TCTTCGGTCATGCATG.1,SeuratProject,0.05601317957166392,2,4249,1493,2.9830554273492726,-5.58348113167068
TCTTCGGTCCGCATCT.1,SeuratProject,0.01281085154483798,2,2654,1145,5.71433471262344,-7.166519229994718
TGAAAGACATCTCCCA.1,SeuratProject,0.014881678458160527,6,8198,2323,7.202576467281776,1.450950396070365
TGACTTTGTCATATGC.1,SeuratProject,0.028894199435150987,1,4603,1565,-4.718578257749503,-2.181406516668341
TGACTTTTCAGCCTAA.1,SeuratProject,0.03271251193887297,0,4188,1422,8.671620313819023,-7.37896458902469
TGAGAGGGTCACACGC.1,SeuratProject,0.011784511784511785,0,5346,1657,8.767519698299356,-5.7669182270346235
TGAGCCGTCACCATAG.1,SeuratProject,0.03370050366487859,1,24421,4259,-3.24422524902946,-2.364372429363598
TGAGGGAAGAGACGAA.1,SeuratProject,7.714065312419646e-4,1,7778,2191,-1.336037354452444,-3.146908293512266
TGATTTCCAATGGATA.1,SeuratProject,0.013928295073510446,1,3877,1445,-6.801980201597893,-2.504861463262844
TGCACCTGTAGCTTGT.1,SeuratProject,0.026062027625749284,7,3837,1481,-1.8892534111794554,0.7845548068692384
TGCACCTGTCACTTCC.1,SeuratProject,0.012282804074295986,3,3338,1354,-7.961845430954865,-2.1838209844771534
TGCCCATTCCACGTTC.1,SeuratProject,0.017442874585731728,7,5733,1913,-1.4785763321328178,1.6341459644485445
TGCCCTAGTTCGAATC.1,SeuratProject,0.016648570394498734,1,2763,1005,-7.0342961054376785,-2.8111581743876037
TGCCCTATCTAAGCCA.1,SeuratProject,0.09749839640795381,0,1559,637,9.0237291786322391,-4.246548238129359
TGCGCAGGTCAGAATA.1,SeuratProject,0.06139882541377469,1,1873,959,-4.574745813114162,-2.3538444623262937
TGCGCAGGTCTAGGTT.1,SeuratProject,0.03583950136345929,0,2567,1004,8.639814777215095,-6.17819905280707
TGCGGGTCATGGATGG.1,SeuratProject,0.03798185941043084,0,1764,736,8.456421188771738,-6.630059761188149
TGCGTGGTCTACTATC.1,SeuratProject,0.03155080213903743,3,1870,825,-8.400153064337038,-1.2416156100043472
TGCTACCCAACGATGG.1,SeuratProject,0.021515561569688767,0,7390,1707,9.753234028406949,-5.033906636720345
TGCTACCTCCGTAGTA.1,SeuratProject,0.06983240223463687,3,1432,731,-7.643536799521617,-0.9245701914876193
TGCTGCTGTTCAGACT.1,SeuratProject,0.016791044776119403,0,2680,955,9.54400279962258,-4.901983556389127
TGCTGCTGTTTCGCTC.1,SeuratProject,0.018724816307181796,1,4219,1586,-3.723234795103234,-0.1489604589107292
TGCTGCTTCATGTGGT.1,SeuratProject,0.014285714285714285,0,3640,788,9.87125651992963,-5.856720874683279
TGCTGCTTCGTCACGG.1,SeuratProject,0.02681992337164751,1,5220,1648,-4.257757726819159,-1.0758418042833982
TGGACGCAGCAAATCA.1,SeuratProject,0.06951871657754011,2,2057,916,6.4753848843014294,-7.587985335520973
TGGCGCACAAGGTGTG.1,SeuratProject,0.03626646306547051,2,5239,1804,3.9520441292352144,-5.35581540992128
TGGGAAGAGTGACTCT.1,SeuratProject,0.03473788685373996,0,11083,2599,9.723031001246666,-6.1336684347877135
TGGGAAGTCATCTGTT.1,SeuratProject,0.009267840593141797,1,3237,1210,-5.668581001436566,-2.7957852127120377
TGGGAAGTCCGAATGT.1,SeuratProject,0.03204780010863661,1,3682,1352,-3.8532981072634453,-2.038247939333067
TGGGAAGTCGTTACGA.1,SeuratProject,0.01189482470784641,6,9584,2606,7.279461152272045,1.2389222791176087
TGGGCGTAGGAGTACC.1,SeuratProject,0.11157635467980295,0,4060,1809,8.806114317563217,-3.2843615970334876
TGGTTAGTCATGTGGT.1,SeuratProject,0.03026880505985995,5,4427,1569,0.9662739932290212,-3.321493066703694
TGTCCCAAGAACTCGG.1,SeuratProject,0.019078820582000385,1,5189,1692,-6.167394638708894,-2.432335451243776
TGTCCCACAATGGTCT.1,SeuratProject,0.01835039598222909,1,5177,1894,-3.533888699172062,-0.1990698828601456
TGTTCCGTCCGTCATC.1,SeuratProject,0.01632855022266205,2,2021,913,5.848036501192699,-7.710525628437922
TTAGGACGTAACGACG.1,SeuratProject,0.02580999450851181,7,3642,1445,-2.0781504326259093,1.4900695933134427
TTAGGACTCGGAGCAA.1,SeuratProject,0.007061790668348045,3,3965,1585,-8.429143293143271,-1.3436741872424298
TTAGGCATCCTCTAGC.1,SeuratProject,0.04221105527638191,2,3980,1366,4.082920850131375,-6.5252665699930095
TTAGTTCGTTTGCATG.1,SeuratProject,0.028854080791426217,0,4852,1551,8.811423566172628,-5.773013177769964
TTCCCAGAGCGATGAC.1,SeuratProject,0.03611935089862153,1,5731,1812,-4.11072245403674,-1.4716748971405789
TTCCCAGCAGCCTTTC.1,SeuratProject,0.0010245901639344263,0,1952,948,9.916571118447113,-5.019531320232896
TTCGAAGTCGTCCGTT.1,SeuratProject,0.026915113871635612,1,3381,1199,-4.17030110024716,-0.9654965368547617
TTCTCAACAATCCGAT.1,SeuratProject,0.023777718407694364,4,11229,2650,5.269297546652249,-4.415121991669098
TTCTCAACACAAGACG.1,SeuratProject,0.016133229247983348,6,7686,2151,7.427183209693836,1.6025234404399393
TTCTCCTAGAGCCCAA.1,SeuratProject,0.02504638218923933,7,5390,1858,-1.2723226473767575,1.037321268871375
TTCTTAGTCCCAAGTA.1,SeuratProject,0.03404321467433546,0,6433,1776,9.786654283544024,-6.881881211665459
TTGACTTGTAAGAGGA.1,SeuratProject,0.016969454981034138,1,5009,1680,-5.354926883691294,-1.8600736769439952
TTGCGTCAGCCCAACC.1,SeuratProject,0.030888728323699422,2,5536,1545,5.469098479219349,-7.193031930335323
TTGGCAATCGTTGACA.1,SeuratProject,0.03355846348670325,2,9476,2540,3.4697320978673445,-6.1140950781092585
TTGTAGGGTAGCTCCG.1,SeuratProject,0.03844182470527934,0,1951,756,8.658990820635571,-7.545469196003868
TTTATGCAGAAACCAT.1,SeuratProject,0.07515576323987538,2,2568,1123,3.0325063893554773,-6.78876720879869
TTTGTCAAGTTCGATC.1,SeuratProject,0.015497076023391813,1,3420,1400,-3.4610516056434246,-0.8376778960289751
TTTGTCATCCTCGCAT.1,SeuratProject,0.013861950941243583,4,17530,3521,6.078977537260306,-3.334381878494067
